Title,description,image_link,Link,ID,price,Availability
Pastel Glitter Candles,<p>There is only one way to make rainbow candles more fun: Glitter! These colorful candles will bring sparkle and ensure your party is lit. Includes 12 candles.</p><p>&nbsp;</p><p>Includes 12 candles.</p>,https://static.wixstatic.com/media/79430e_9695c4ff01df43ba9a5b803d93f0b8a5~mv2.jpeg,https://www.sugargirleeco.com/product-page/pastel-glitter-candles,CAN-MUL-003,8,In Stock
Rainbow Glitter Candles,<p>No one wants to blow out boring candles. The varying shades of pink on these fun candles get an added pop with glitter.</p><p>&nbsp;</p><p>Includes 12 candles.</p>,https://static.wixstatic.com/media/79430e_206ebd8270f34076ab54e6b2d410aa67~mv2.jpeg,https://www.sugargirleeco.com/product-page/rainbow-glitter-candles,CAN-MUL-002,8,In Stock
Pink Star Banner - Light Pink Sparkles,"<p>Our hand-pressed Artisan Banners are cut from high quality, glitter fabric and includes thick glitter cord. Handmade with happiness!</p><p>&nbsp;</p><p>• 2.5 x 2.4""</p><p>• 6' cord&nbsp;</p><p>&nbsp;</p><p>Studio Pep</p>",https://static.wixstatic.com/media/79430e_c6b524904045468b8054243ba6be63e1~mv2.jpeg,https://www.sugargirleeco.com/product-page/pink-star-banner-light-pink-sparkles,AB-03-ST,15,In Stock
First Day of School Pencil Confetti Popper,"<p>Let's celebrate the first day of school with our new Pencil Poppers!</p><p>&nbsp;</p><p>Filled with 100% biodegradable flower petals confetti, ready for little hands to pop.</p><p>&nbsp;</p><p>• Light pink delphiniums petals</p><p>• Petals sourced from a family-owned English farm</p><p>•</p>",https://static.wixstatic.com/media/79430e_bda1339a2a1e4a00ba9a899431405282~mv2.jpeg,https://www.sugargirleeco.com/product-page/first-day-of-school-pencil-confetti-popper,PO-01-FI,14,In Stock
Lace Flower Confetti,"<p>Sustainably grown, natural petals picked by hand on a family-owned, English farm.</p><p>&nbsp;</p><ul>	<li>Eco-friendly and 100% biodegradable.</li>	<li>Delphiniums petals • To preserve color, keep away from light and moisture</li>	<li>Mini Packs: Packaged in 3 x 4"" cello bag, 1 handful&nbsp;</li></ul>",https://static.wixstatic.com/media/79430e_54fbd5e146694880999fced6dcd82bbb~mv2.jpeg,https://www.sugargirleeco.com/product-page/lace-flower-confetti,"FC-02-LA
",6,In Stock
Blushing Flower Confetti,"<p>Sustainably grown, natural petals picked by hand on a family-owned, English farm.</p><p>&nbsp;</p><ul>	<li>Eco-friendly and 100% biodegradable.</li>	<li>Delphiniums petals • To preserve color, keep away from light and moisture</li>	<li>Mini Packs: Packaged in 3 x 4"" cello bag, 1 handful&nbsp;</li></ul>",https://static.wixstatic.com/media/79430e_46690313b8cd48b7b1af5b8b516ebc1b~mv2.jpeg,https://www.sugargirleeco.com/product-page/blushing-flower-confetti,"FC-01-BL
",6,In Stock
Bouquet Flower Confetti,"<p>Sustainably grown, natural petals picked by hand on a family-owned, English farm.</p><p>&nbsp;</p><ul>	<li>Eco-friendly and 100% biodegradable.</li>	<li>Delphiniums petals • To preserve color, keep away from light and moisture</li>	<li>Mini Packs: Packaged in 3 x 4"" cello bag, 1 handful&nbsp;</li></ul>",https://static.wixstatic.com/media/79430e_743ef1be823b442d98d4c54c6a8067d7~mv2.jpeg,https://www.sugargirleeco.com/product-page/bouquet-flower-confetti,"FC-02-BO
",6,In Stock
Candy Classic Mini Balloons,"<p>Our favorite balloons in mini form!</p><p>High quality, 100% biodegradable balloons that perfectly coordinate with our Classic Balloons and Artisan Confetti.</p><p>&nbsp;</p><p>• 36 balloons</p><p>• 5"" diameter, sourced from North America</p>",https://static.wixstatic.com/media/79430e_e771daa957f04d68bd4cc8c40ba89495~mv2.jpeg,https://www.sugargirleeco.com/product-page/candy-classic-mini-balloons,"CB-01-CA
",16,In Stock
Manifesting Mug,"<p>Whether you're drinking your morning coffee, evening tea, or something in between – this mug's for you! It's sturdy and glossy with a vivid print that'll withstand the microwave and dishwasher.<br><br>• Ceramic<br>• Dishwasher and microwave safe<br>• White and glossy</p><p>&nbsp;</p><p>Designed by: Sugargirlee &amp; Co.</p>",https://static.wixstatic.com/media/79430e_29edbcb1df3f428c94b1d0667e434c3d~mv2.jpg,https://www.sugargirleeco.com/product-page/manifesting-mug,5F26F9006734B_1320,18,In Stock
Black Face Mask,<p>Social Distance Stylishly and Celebrate Safely with our Fashionable Face Masks!</p><p>Reusable Comfy Breathable Material: 100 % Cotton.</p><p>Made in USA</p><p>Masks are not FDA Approved and are not a replacement for medical-grade N95 masks or PPE but are meant to bridge the gap.</p>,https://static.wixstatic.com/media/79430e_6e2405c297b7415ba6ec0e73b13a566b~mv2.jpeg,https://www.sugargirleeco.com/product-page/black-face-mask,MC3222-black,10,In Stock
Camouflage Face Mask,<p>Social Distance Stylishly and Celebrate Safely with our Fashionable Face Masks! Reusable Comfy Breathable Materials: 88% Polyester 9% Rayon 3% Spandex</p><p>Made in USA</p><p>Masks are not FDA Approved and are not a replacement for medical-grade N95 masks or PPE but are meant to bridge the gap.</p>,https://static.wixstatic.com/media/79430e_a91b73f2164e47d992838579567b4316~mv2.jpeg,https://www.sugargirleeco.com/product-page/camouflage-face-mask,"5221-army
",12,In Stock
Pink Ombre Glitter Candles,<p>No one wants to blow out boring candles. The varying shades of pink on these fun candles get an added pop with glitter.</p><p>&nbsp;</p><p>Includes 12 candles.</p>,https://static.wixstatic.com/media/79430e_63c1b46d031644c9b7b296f86f4a4d48~mv2.jpeg,https://www.sugargirleeco.com/product-page/pink-ombre-glitter-candles,CAN-PNK-001,8,In Stock
No Prob Lama Set,"<p>Who doesn't love a llama? Whether you're throwing a kids birthday party or serving up margaritas for Cinco de Mayo, you'll have no prob llamas with this adorable Set. It has everything you need&nbsp;to delight guests of any age.</p><p>&nbsp;</p><p>Set Contains:</p><p>&nbsp;</p><p>Sunshine Yellow Classic Large Plate&nbsp;x 10 per pack</p><p>Happy Llama Small Plates x 10 per pack</p><p>White Brushstroke Cups x 10 per pack</p><p>Happy Llama Napkins x&nbsp;25 per pack&nbsp;</p><p>Metallic Gold Cutlery x 30 per pack&nbsp;</p><p>&nbsp;</p>",https://static.wixstatic.com/media/79430e_25a43767bac848a0bea627a4a33c4e8a~mv2.jpeg,https://www.sugargirleeco.com/product-page/no-prob-lama-set,NPL - 0001,50,In Stock
"Yes Way, Ombre Set","<p>A blend of elegant pastels is mingled to perfection in this ombre-themed pack. Ideal for any occasion, it includes playful gold accents and decagon plates for a taste of the unexpected. Who knew these shades could look so good together? (Hint: you did.)</p><p>&nbsp;</p><p>Pro Tip: The ombre pastels and iridescent touches make for a perfect unicorn-themed party.</p><p>&nbsp;</p><p>Set Contains:</p><p>&nbsp;</p><p>Yes Way, Ombre Large Plates x 10 per pack</p><p>Yes Way, Ombre Small Plates x 10 per pack</p><p>Pale Pink Pinstripe Cups x 10 per pack</p><p>Pale Pink Brushstroke Cocktail Napkins x&nbsp;25 per pack&nbsp;</p><p>Metallic Gold Cutlery x 30 per pack&nbsp;</p><p>Iridescent Paper Straws x&nbsp;25 per pack&nbsp;</p>",https://static.wixstatic.com/media/79430e_84cda571fb5843bf8433f4913db75e3f~mv2.jpg,https://www.sugargirleeco.com/product-page/yes-way-ombre-set,YWO - 0001,58,In Stock
Unicorn Dreams Set,"<p>What's cooler than a unicorn? Even more unicorns. This Set is a celebration of the mythical one-horned horse that will have guests galloping to your party just as fast they can.</p><p>&nbsp;</p><p>Set Contains:</p><p>&nbsp;</p><p>Yes Way, Ombre Large Plates x 10 per pack</p><p>Yes Way, Ombre Small Plates x 10 per pack</p><p>Unicorn Dreams Cups x 10 per pack</p><p>Pale Pink Brushstroke Cocktail Napkins x&nbsp;25 per pack&nbsp;</p><p>Pale Pink Wooden Cutlery Set x 30 per pack&nbsp;</p><p>Iridescent Paper Straws x&nbsp;25 per pack&nbsp;</p>",https://static.wixstatic.com/media/79430e_11081949085141f3b4c7cbf6e8b85bc4~mv2.jpg,https://www.sugargirleeco.com/product-page/unicorn-dreams-set,UD-001,69,In Stock
Toile of My Love Party Set,"<p>Transport your and your guests to the French Countryside with this Toile of my Love Set.</p><p>Whether your running through the lavendar fields or gathering friends in your backyard, you'll have everything you need to dine en plain air. Except for the baguette.</p><p>&nbsp;</p><p>Set Contains:</p><p>&nbsp;</p><p>French Toile Large Plates x 10 per pack</p><p>French Toile Small Plates x 10 per pack</p><p>French Toile Cups x 10 per pack</p><p>French Toile Cocktail Napkins x&nbsp;25 per pack&nbsp;</p><p>Metallic Gold Cutlery&nbsp;x 30 per pack&nbsp;</p><p>&nbsp;</p>",https://static.wixstatic.com/media/79430e_281202800326415b84814bba945556e7~mv2.jpeg,https://www.sugargirleeco.com/product-page/toile-of-my-love-party-set,TOML-001,50,In Stock
Fairytale Princess Party Set,<p>Turn make believe into reality with this magical Set. We thought of every detail so all you have to worry about is making sure that your little princess or prince has the time of their life.</p><p>&nbsp;</p><p>Set Contains:</p><p>&nbsp;</p><p>Fairytale Large Plates x 10 per pack</p><p>Fairytale Small Plates x 10 per pack</p><p>Pale Pink Pinstripe Cups x 10 per pack</p><p>Pale Pink Brushstroke Cocktail Napkins x&nbsp;25 per pack&nbsp;</p><p>Pale Pink Wooden Cutlery Set x 30 per pack&nbsp;</p><p>Iridescent Paper Straws x&nbsp;25 per pack&nbsp;</p>,https://static.wixstatic.com/media/79430e_289e553a64d049ceb9d6fd04af69f0fb~mv2.jpg,https://www.sugargirleeco.com/product-page/fairytale-princess-party-set,FP-001,65,In Stock
Palm Leaves Paper Cocktail Napkins,"<p>The perfect cocktail napkins for your next luau. This palm leaf print will add an extra dash of fun. 5"" X 5"" paper napkins</p><p>Pack of 25 Recyclable and compostable!</p>",https://static.wixstatic.com/media/79430e_ba18fa19be3c440e91a9e5172459f48c~mv2.png,https://www.sugargirleeco.com/product-page/palm-leaves-paper-cocktail-napkins,NP5-MUL-006,9.5,In Stock
Happy Llama Small Paper Party Plates,"<p>Save the drama for your llama.</p><p>&nbsp;</p><p>Adorned with an irresistible pink llama that will bring a smile to guests young and old, these small plates are the ideal size for serving desserts or small bites.</p><p>&nbsp;</p><p>Includes 10 plates. 7.25"" paper plates</p><p>&nbsp;</p><p>Pack of 10 Recyclable and compostable Extra sturdy - pile on the second serving!</p>",https://static.wixstatic.com/media/79430e_41b2d1b9117140cd8994a72bb09b8687~mv2.png,https://www.sugargirleeco.com/product-page/happy-llama-small-paper-party-plates-10-count,P7A-MUL-008,9.5,In Stock
Sunshine Yellow Classic Large Plates (10 Count),"<p>These round plates come in an array of eye-catching colors, making them our go-to for any occasion. The larger size is ideal for serving meals or heavier apps (fruit salad, anyone?).</p><p>&nbsp;</p><p>Includes 10 plates.</p>",https://static.wixstatic.com/media/79430e_0685424612b64a88800b36117b829dc5~mv2.png,https://www.sugargirleeco.com/product-page/sunshine-yellow-classic-large-plates-10-count,P9A-YEL-001,9.5,In Stock
"Yes Way, Ombre Small Plates (10 Count)",<p>Spin the color wheel with these multi-hued plates.</p><p>Soft pastels gently blend together for the perfect ombre look.&nbsp;Includes 10 plates.</p>,https://static.wixstatic.com/media/79430e_0b7e028052874352a1cc3519bf5d7306~mv2.png,https://www.sugargirleeco.com/product-page/yes-way-ombre-small-plates-10-count,P7B-MUL-001,9.5,In Stock
French Toile Paper Cocktail Napkins (25 Count),"<p>These napkins will elevate any gathering, whether you are catching baguette crumbs or cleaning up Bordeaux spills.</p><p>Set the table and feel an immediate Provençal breeze.</p><p>&nbsp;</p><p>Includes 25 napkins. 5"" X 5"" paper napkins</p><p>Pack of 25 Recyclable and compostable!</p>",https://static.wixstatic.com/media/79430e_d82faaa9cf3a4d609158c44e9526f6cc~mv2.png,https://www.sugargirleeco.com/product-page/french-toile-paper-cocktail-napkins-25-count,NP5-BLU-004,9.5,In Stock
Pale Pink Brushstroke Cocktail Napkins (25 Count),<p>Add sparkle to a demure color palette with these playful napkins. The metallic gold really pops against the pink.&nbsp;</p><p>&nbsp;</p><p>Includes 25 napkins.</p>,https://static.wixstatic.com/media/79430e_69df9cc9560445c08023cfaf023902b9~mv2.jpeg,https://www.sugargirleeco.com/product-page/pale-pink-brushstroke-cocktail-napkins-25-count,NP5-PNK-001,9.5,In Stock
French Toile Small Paper Party Plates (10 Count),"<p>Classic and elegant, our floral toile small plates bring a touch of the French countryside to any occasion.</p><p>Featuring a deep blue toile pattern, the plates are the ideal size for small bites and desserts.</p><p>&nbsp;</p><p>Includes 10 plates. 7.25"" paper plates</p><p>Pack of 10 Recyclable and compostable Extra sturdy - pile on the second serving!</p>",https://static.wixstatic.com/media/79430e_db2da2fa068748e7a62438fbc342be65~mv2.png,https://www.sugargirleeco.com/product-page/french-toile-small-paper-party-plates-10-count,P7A-BLU-006,9.5,In Stock
Unicorn Dreams Mini Toppers,"<p>Give your party a little giddy up with these whimsical unicorn-themed mini toppers.</p><p>Use them in sweets and snacks or anywhere you need some extra magic.</p><p>&nbsp;</p><p><strong>Details </strong></p><p>&nbsp;</p><p>Double-sided paper toppers with glitter accents. Each topper measures approx. 2"" to 3"" wide x 1.5"" to 2.5"" tall.</p><p>&nbsp;</p><p>Pack of 10, 5 of each design.</p>",https://static.wixstatic.com/media/79430e_d8acd774714845229a5f43132d7a3eab~mv2.jpeg,https://www.sugargirleeco.com/product-page/unicorn-dreams-mini-toppers,TPP-MUL-003,8,In Stock
Fairytale Mini Toppers,"<p>Set the royal mood with these fun mini toppers that are the perfect complement to any princess party.</p><p>&nbsp;</p><p>Use them in sweets and snacks to bring a fairy tale spirit that even the tiniest guests will appreciate.</p><p>&nbsp;</p><p><strong>Details</strong></p><p>&nbsp;</p><p>Double-sided paper toppers. Each topper measures approx. 2.5"" wide x 1"" to 2"" tall.</p><p>Pack of 10, 5 of each design.</p>",https://static.wixstatic.com/media/79430e_fc7e6e1cf8024474843f783738d46702~mv2.png,https://www.sugargirleeco.com/product-page/fairytale-mini-toppers,TPP-MUL-004,8,In Stock
Pale Pink Pinstripe Cups,<p>You can't go wrong with this classic cup.</p><p>&nbsp;</p><p>It's made from pale pink that's thinly striped with gold for an upscale but uncomplicated vibe.</p><p>&nbsp;</p><p>Includes 10 cups. Details 9oz paper cups. Pack of 10. Compostable!</p>,https://static.wixstatic.com/media/79430e_788e99e858364b0bbd1f0c759710d05c~mv2.png,https://www.sugargirleeco.com/product-page/pale-pink-pinstripe-cups,CP9-PNK-001,8,In Stock
"Yes Way, Ombre Large Plates",<p>Spin the color wheel with these multi-hued plates.</p><p>Soft pastels gently blend together for the perfect ombre look.</p><p>&nbsp;</p><p>Includes 10 plates.</p>,https://static.wixstatic.com/media/79430e_1d715c48d94c4e00b08fb0035eb6867e~mv2.jpeg,https://www.sugargirleeco.com/product-page/yes-way-ombre-large-plates-10-count,P9B-MUL-001,11,In Stock
French Toile Large Paper Party Plates,"<p>Bring the spirit of the French countryside to your next garden party with our floral toile large plates. And while the flowers on the classic toile pattern may appear delicate, the plates are anything but.</p><p>&nbsp;</p><p>Includes 10 plates. 9.25"" paper plates</p><p>Pack of 10 Recyclable and compostable Extra sturdy - pile on the second serving!</p>",https://static.wixstatic.com/media/79430e_909ffcee45de4229afaef8d095c0f2ad~mv2.jpeg,https://www.sugargirleeco.com/product-page/french-toile-large-paper-party-plates-10-count,P9A-BLU-006,11,In Stock
Palm Leaves Large Paper Party Plates,"<p>The perfect paper party plates for your next luau. This palm leaf print will add an extra dash of fun.</p><p>&nbsp;</p><p>9.25"" paper plates</p><p>&nbsp;</p><p>Pack of 10 Recyclable and compostable Extra sturdy - pile on the second serving!</p>",https://static.wixstatic.com/media/79430e_46fcdec3b7ce4eb08d2b32f3bd4850c7~mv2.jpeg,https://www.sugargirleeco.com/product-page/palm-leaves-large-paper-party-plates-10-count,P9B-MUL-005,11,In Stock
In Full Bloom Small Plates,<p>Give your party a fresh from the garden feel with these small plates that are the perfect size for small bites and desserts.</p><p>&nbsp;</p><p>The contemporary floral print is accented with a gold rim.</p><p>&nbsp;</p><p>Includes 10 plates.</p>,https://static.wixstatic.com/media/79430e_85303ddf61c8452ab233682cd4d87b3e~mv2.jpeg,https://www.sugargirleeco.com/product-page/in-full-bloom-small-plates,P7A-MUL-001,9.5,In Stock
Fairytale Small Plates,<p>Craft a happy ending for the guests at your princess party with these small plates.</p><p>They show a fun castle scene and are the perfect size for cake and other desserts.</p><p>&nbsp;</p><p>Includes 10 plates.</p>,https://static.wixstatic.com/media/79430e_e99945f9005b4987930034a4de796bac~mv2.jpeg,https://www.sugargirleeco.com/product-page/fairytale-small-plates,P7A-PUR-003,9.5,In Stock
Metallic Gold Cutlery,"<p>Silver spoons are overrated. We love this gold metallic cutlery, which adds an opulent vibe to any event. The plastic is heavyweight, so it has a nice feel in your hands and you don't have to worry about it snapping or bending.</p><p>&nbsp;</p><p>This&nbsp;pack&nbsp;is enough for 10 guests (10 forks, 10 knives and 10 spoons).</p><p>&nbsp;</p><p>We'll leave the guest list up to you!</p>",https://static.wixstatic.com/media/79430e_42c5bafff69e4e58850463059b1cadae~mv2.jpeg,https://www.sugargirleeco.com/product-page/metallic-gold-cutlery-30-count,CUT-GLD-001,12,In Stock
Happy Llama Paper Napkins,"<p>It doesn't get much cuter than these napkins shaped like everyone's favorite pack animal.</p><p>&nbsp;</p><p>The festive pink llama napkins make it fun to mind your manners.</p><p>&nbsp;</p><p>Includes 25 napkins. 7.5"" X 5.5"" paper napkins</p><p>&nbsp;</p><p>Pack of 25 Recyclable and compostable!</p>",https://static.wixstatic.com/media/79430e_964f92f8deda44cdb83b1df635840889~mv2.png,https://www.sugargirleeco.com/product-page/happy-llama-paper-napkins-25-count,NAP-MUL-002,11,In Stock
Fairytale Large Plates,<p>Every princess and prince needs a plate worthy of their royal status.</p><p>These large plates can accommodate all kinds of yummy food and will make your guests feel like the main characters in a fairy tale.</p><p>&nbsp;</p><p>Includes 10 plates.</p>,https://static.wixstatic.com/media/79430e_dbc795d13db9410aadd54a41e57c0a64~mv2.png,https://www.sugargirleeco.com/product-page/fairytale-large-plates,P9A-PNK-003,11,In Stock
In Full Bloom Napkins,<p>Make it feel like spring has sprung year round with the In Full Bloom Cocktail Napkins.</p><p>&nbsp;</p><p>The pale tones on the floral napkins make a wonderful addition to any party (no garden required!).</p><p>&nbsp;</p><p>Includes 25 napkins.</p>,https://static.wixstatic.com/media/79430e_203c90b3d5784b07b353bed0c75fa3ef~mv2.png,https://www.sugargirleeco.com/product-page/fairytale-large-plates,NAP-MUL-001,11,In Stock
Unicorn Dreams Cups,<p>Who needs juice boxes when you can drink in the magic with these adorable rainbow unicorn cups? Includes 10 cups</p>,https://static.wixstatic.com/media/79430e_40a8de28ab0a4c06adc5acbfe472705b~mv2.png,https://www.sugargirleeco.com/product-page/unicorn-dreams-cups,CP9-PNK-002,12.5,In Stock
Wooden Cutlery Set,"<p>You don't need to know which side to put the fork on to know that this Wooden Cutlery Set is a ""must have"" when you entertain.</p><p>&nbsp;</p><p>The eco friendly wood set includes 10 forks, 10 spoons, and 10 knives in a natural tone.</p>",https://static.wixstatic.com/media/79430e_cffdb6bae2544f798edc677cb5c6221b~mv2.jpeg,https://www.sugargirleeco.com/product-page/wooden-cutlery-set,CUT-NNE-001,16,In Stock
Pale Pink Wooden Cutlery Set,"<p>You don't need to know which side to put the fork on to know that this Wooden Cutlery Set is a ""must have"" when you entertain.</p><p>&nbsp;</p><p>The eco friendly wood set includes 10 forks, 10 spoons, and 10 knives.</p><p>&nbsp;</p><p>The two-tone handles stylishly incorporate a pale pink hue.</p>",https://static.wixstatic.com/media/79430e_cffdb6bae2544f798edc677cb5c6221b~mv2.jpeg,https://www.sugargirleeco.com/product-page/pale-pink-wooden-cutlery-set,CUT-PNK-001,19,In Stock
Magnolia Wall Flower,"<p>An imaginative way to bring a floral touch, these magnolia wall decorations are part of Coterie's&nbsp;collaboration with Reese Witherspoon's Draper James.</p><p>&nbsp;</p><p>They're sure to brighten up your room and your mood.</p>",https://static.wixstatic.com/media/79430e_e72f5df47d3e426cbec5c04ce3e9dda2~mv2.jpeg,https://www.sugargirleeco.com/product-page/magnolia-wall-flower,FLW-WHT-001,47,In Stock
Mint and Gold Paper Straws,"<p>The easiest way to garnish a cocktail, these paper straws add interest to any beverage.</p><p>The mint-and-gold design pairs perfectly with any of our gold-accented dishes and cups.</p><p>&nbsp;</p><p>Includes 25 straws.</p>",https://static.wixstatic.com/media/79430e_c4589016216441b8af70a97890677205~mv2.jpeg,https://www.sugargirleeco.com/product-page/mint-and-gold-paper-straws,STR-MNT-001,8,In Stock
Dream Mini Balloons,"<p>Our favorite balloons in mini form! High quality, 100% biodegradable balloons that perfectly coordinate with our Classic Balloons.</p><p>• 36 balloons</p><p>• 5"" diameter, sourced from North America&nbsp;</p>",https://static.wixstatic.com/media/79430e_ddb7fa6cd8514dc7b69d503ef30bf231~mv2.jpeg,https://www.sugargirleeco.com/product-page/dream-mini-balloons,MB-01-DR,16,In Stock
Candy Classic Balloons,"<p>Studio Pep</p><p>&nbsp;</p><p>Our best selling Classic Balloon Packs include high quality, 100% biodegradable balloons and each confetti balloon is hand-filled with our artisan confetti.</p><p>&nbsp;</p><p>• 12 balloons (9 solid colored balloons + 3 pre-filled confetti balloons)</p><p>• 11"" diameter, sourced from North America</p><p>&nbsp;</p>",https://static.wixstatic.com/media/79430e_123c4a0f8d6646949fa5d78d463801e0~mv2.jpeg,https://www.sugargirleeco.com/product-page/candy-classic-balloons,CB-01-CA,19,In Stock
Dream Classic Balloons,"<p>Studio Pep</p><p>&nbsp;</p><p>Our best selling Classic Balloon Packs include high quality, 100% biodegradable balloons and each confetti balloon is hand-filled with our artisan confetti.</p><p>&nbsp;</p><p>• 12 balloons (9 solid colored balloons + 3 pre-filled confetti balloons)</p><p>• 11"" diameter, sourced from North America</p>",https://static.wixstatic.com/media/79430e_300a2c17dd044e8f981d071177b5276f~mv2.jpg,https://www.sugargirleeco.com/product-page/dream-classic-balloons,CB-01-DR,19,In Stock
Ice Cream Classic Balloons,"<p>Studio Pep</p><p>&nbsp;</p><p>Our best selling Classic Balloon Packs include high quality, 100% biodegradable balloons and each confetti balloon is hand-filled with our artisan confetti.</p><p>&nbsp;</p><p>Packaged with pep in our PA, USA studio.</p><p>&nbsp;</p><p>• 12 balloons (9 solid colored balloons + 3 pre-filled confetti balloons)</p><p>• 11"" diameter, sourced from North America</p><p>• Packaged in a 3 5/8 x 5/8 x 5 5/8” clear box</p>",https://static.wixstatic.com/media/79430e_a038f8d2e7e9445fb06e5daa2bb3953b~mv2.jpeg,https://www.sugargirleeco.com/product-page/ice-cream-classic-balloons,CB-01-IC,19,In Stock
Blush Sequin Face Mask,Social Distance Stylishly and Celebrate Safely with our Fashionable Face Masks! 	Reusable	Comfy	Breathable  Materials: 87%NYLON8% METALLIC5%SPANDEX Made in USA Masks are not FDA Approved and are not a replacement for medical-grade N95 masks or PPE but are meant to bridge the gap.,https://static.wixstatic.com/media/79430e_07d5aaea52c74a1e8f06b21d698f8c37~mv2.png,https://www.sugargirleeco.com/product-page/black-sequin-face-mask,"3221-mina
",15,In Stock
Black Sequin Face Mask,Social Distance Stylishly and Celebrate Safely with our Fashionable Face Masks! 	Reusable	Comfy	Breathable  Materials: 87%NYLON8%METAL5%SPANDEX Made in USA Masks are not FDA Approved and are not a replacement for medical-grade N95 masks or PPE but are meant to bridge the gap.,https://static.wixstatic.com/media/79430e_cceba8df6922425a93c28820f5cf754b~mv2.png,https://www.sugargirleeco.com/product-page/blush-sequin-face-mask,"MC5221-natasha
",15,In Stock
Balloon Bouquet - Light Pink,<p>This mix of soft pink balloons is perfect for a baby shower or birthday party.<br><br><strong>Bundle Includes:</strong><br>3&nbsp;Printed&nbsp;Confetti Balloons ( 12 inch )<br>4 Solid Latex Balloons ( 11 inch )<br>2 Mylar Balloons ( 18 inch )</p><p>&nbsp;</p><p><strong>Good to Know:</strong></p><p><br>The clear balloons have the confetti&nbsp;<strong><em>printed</em>&nbsp;</strong>on the outside. <u>None of the balloons in this bouquet contain cut confetti.</u></p><p>&nbsp;</p><p><em>Balloons ship deflated. Fill with helium to float.</em></p><p>&nbsp;</p><p>Paperboy</p>,https://static.wixstatic.com/media/79430e_ca1c745bc7cf4da38ee814ec61c94122~mv2.png,https://www.sugargirleeco.com/product-page/balloon-bouquet-light-pink,BBU-3434,16,In Stock
Paper Plates - Hexagon - Navy & Gold,"<p>These hexagonal paper plates are the perfect shade of navy, with soft gold foil accents.</p><p>&nbsp;</p><ul>	<li>Dinner plate size (11 inches / 28cm)</li>	<li>Each pack contains 8 paper plates</li>	<li>Not safe for microwave use</li>	<li>Designed by Paperboy</li></ul>",https://static.wixstatic.com/media/79430e_e4fd275448fc489d9fb497cd2b9ba4e4~mv2.png,https://www.sugargirleeco.com/product-page/paper-plates-hexagon-navy-gold,TPL-1325,10,In Stock
Confetti - Champagne,"<p>Tissue paper confetti in beautiful shades of champagne, neutrals, and gold.</p><p>&nbsp;</p><p>Our confetti is made and packaged by hand in our Portland studio from the highest quality tissue paper and mylar. When thrown in the air, it flutters like snow, so it's perfect for tossing! It looks beautiful scattered across a table or any other surface for a festive touch.</p><p>&nbsp;</p><p>Each bag contains 1/2 oz (14g) of 1 inch diameter circle cut confetti - around 1 cup by volume, when fluffed. Handcrafted in Portland, Oregon USA</p>",https://static.wixstatic.com/media/79430e_037ea51963d746b489e33d40e65a7ee6~mv2.png,https://www.sugargirleeco.com/product-page/confetti-champagne,CHB-1011,5,In Stock
Calm Down Candle,"<p>The cutest damn candle. And it smells good, too.</p><p>&nbsp;</p><p>Your best friend be like: ""Girl, you need to calm the f down"".</p><p>If zen were a fragrance, this would be it. Experience the earth, bark, and blossom of the Japanese cherry tree. Light this up and wind your ass down.</p><p>&nbsp;</p><p>This candle is 100% soy wax, fragranced with essential oils. It’s phthalate-free.</p><p>&nbsp;</p><p>Thanks, baby girl xoxo.</p><p>&nbsp;</p><p>Crafted by: Ryan Porter</p>",https://static.wixstatic.com/media/79430e_9cbcf27418bc4459848a26277535ab43~mv2.png,https://www.sugargirleeco.com/product-page/calm-down-candle,CLM-001,26,In Stock
Confetti - Blush & Rose Gold,"<p>&nbsp;</p><p>Tissue paper confetti in beautiful shades of blush pink, ivory, and rose gold. One of our best sellers!</p><p>&nbsp;</p><p>Our confetti is made and packaged by hand in our Portland studio from the highest quality tissue paper and mylar. When thrown in the air, it flutters like snow, so it's perfect for tossing!</p><p>&nbsp;</p><p>It looks beautiful scattered across a table or any other surface for a festive touch.</p><p>&nbsp;</p><p>Each bag contains 1/2 oz (14g) of 1 inch diameter circle cut confetti - around 1 cup by volume, when fluffed.</p><p>&nbsp;</p><p>Handcrafted in Portland, Oregon USA</p>",https://static.wixstatic.com/media/79430e_ce26f5b968734445aca2d872d0fa2abf~mv2.png,https://www.sugargirleeco.com/product-page/confetti-blush-rose-gold,CHB-1002,5,In Stock
Paper Plates - Hexagon - Dalmatian,<p>These hexagonal paper plates are patterned with a painterly black Dalmatian spot on a creamy soft white background. Effortlessly chic</p><p>&nbsp;</p><ul>	<li>Dessert plate size (8 inches / 20cm)</li>	<li>Each pack contains 8 paper plates</li>	<li>Not safe for microwave use</li>	<li>Designed by Paperboy</li></ul>,https://static.wixstatic.com/media/79430e_930527f0a79a4198b7d6f80ba02e56df~mv2.png,https://www.sugargirleeco.com/product-page/paper-plates-hexagon-dalmatian,TPS-1003,8,In Stock
Party Cardi Birthday Card,"<p>Blank inside.</p><p>A2 size: 4.25"" x 5.5"".</p><p>Printed on matte white cardstock.</p><p>Comes with kraft envelope, cellophane sleeve.</p><p>Designed and printed in Toronto, Canada.</p><p>&nbsp;</p><p>Party Mountain Paper co.</p>",https://static.wixstatic.com/media/79430e_28e4be1fc8f34d33bdae56b5385c6057~mv2.png,https://www.sugargirleeco.com/product-page/party-cardi-birthday-card,BD015,6,In Stock
Balloon Bouquet - Navy & Blush,"<p>This navy, rose gold, and blush balloon bundle will be a showstopper at your event! (Seriously.)<br><br><strong>Bundle includes:</strong><br>3 Confetti Balloons ( 12 inch )<br>4 Solid Latex Balloons ( 11 inch )<br>2 Mylar Balloons ( 18 inch )<br><br>Balloons ship deflated. Fill with air or helium* (*required to float)</p><p>&nbsp;</p><p>&nbsp;</p><p>Paperboy</p>",https://static.wixstatic.com/media/79430e_fb0968dde1fa4640a65bae43e0a54b40~mv2.png,https://www.sugargirleeco.com/product-page/balloon-bouquet-navy-blush,BBU-2434,18,In Stock
Confetti - Unicorn,"<p>Our confetti falls slowly and flutters like butterflies, giving you plenty of time to enjoy and capture in a photo. Each bag contains 1/2 oz (14g) of 1 inch diameter circle cut confetti - around 1 cup by volume, when fluffed.</p><p>&nbsp;</p><p>Handcrafted in Portland, Oregon USA</p>",https://static.wixstatic.com/media/79430e_b799be0daee241de992b34752b1727db~mv2.png,https://www.sugargirleeco.com/product-page/confetti-unicorn,CHB-1138,5,In Stock
Paper Plates - Hexagon - Blush & Gold,"<p>These hexagonal paper plates are the perfect shade of blush pink, with soft gold foil accents.</p><p>&nbsp;</p><ul>	<li>Dinner plate size (11 inches / 28cm)</li>	<li>Each pack contains 8 paper plates</li>	<li>Not safe for microwave use</li>	<li>Designed by Paperboy</li></ul>",https://static.wixstatic.com/media/79430e_ea44b11af6d1490ba251c47f38449e54~mv2.png,https://www.sugargirleeco.com/product-page/paper-plates-hexagon-blush-gold,TPL-1323,10,In Stock
Confetti - Pastel Rainbow,"<p>This tissue paper confetti features soft pastels in every color of the rainbow!</p><p>&nbsp;</p><p>Our confetti falls slowly and flutters like butterflies, giving you plenty of time to enjoy and capture in a photo. Each bag contains 1/2 oz (14g) of 1 inch diameter circle cut confetti - around 1 cup by volume, when fluffed.</p><p>&nbsp;</p><p>Handcrafted in Portland, Oregon USA</p>",https://static.wixstatic.com/media/79430e_9413c8075aca42fbb9b8789ab7b6e0ca~mv2.png,https://www.sugargirleeco.com/product-page/confetti-pastel-rainbow,CHB-1004,5,In Stock
Paper Napkins - Confetti - Navy & Gold,<p>A gorgeous navy&nbsp;cocktail napkin with gold foil confetti accents.</p><p>&nbsp;</p><ul>	<li>Cocktail napkin size (5 x 5 inches / 12.5 x 12.5 cm)</li>	<li>Unfolds to 10 x 10 inches (25 x 25 cm)</li>	<li>Each pack contains&nbsp;20 paper napkins</li>	<li>Designed by Paperboy</li></ul>,https://static.wixstatic.com/media/79430e_9413c8075aca42fbb9b8789ab7b6e0ca~mv2.png,https://www.sugargirleeco.com/product-page/paper-napkins-confetti-navy-gold,TNS-1325,7.5,In Stock
Balloon Bouquet - Blush & Rose Gold,<p>This blush and&nbsp;rose gold balloon bundle will be a showstopper at your event! (Seriously.)<br><br><strong>Bundle includes:</strong><br>3 Confetti Balloons ( 12 inch )<br>4 Solid Latex Balloons ( 11 inch )<br>2 Mylar Balloons ( 18 inch )<br><br>Balloons ship deflated. Fill with air or helium* (*required to float)</p><p>&nbsp;</p><p>Paperboy</p>,https://static.wixstatic.com/media/79430e_9ac29686bce141bc9e7dafe9da705485~mv2.png,https://www.sugargirleeco.com/product-page/balloon-bouquet-blush-rose-gold,BBU-2433,18,In Stock
Confetti - Pink Party,"<p>Tissue paper confetti in beautiful shades of pink and gold.</p><p>&nbsp;</p><p>Our confetti falls slowly and flutters like butterflies, giving you plenty of time to enjoy and capture in a photo.</p><p>&nbsp;</p><p>Each bag contains 1/2 oz (14g) of 1 inch diameter circle cut confetti - around 1 cup by volume, when fluffed.</p><p>&nbsp;</p><p>Handcrafted in Portland, Oregon USA</p>",https://static.wixstatic.com/media/79430e_e7080b8d07e74c338a061f50f4fababc~mv2.png,https://www.sugargirleeco.com/product-page/confetti-pink-party,CHB-1005,5,In Stock
Paper Napkins - Stripes - Blush & Rose Gold,<p>Large blush luncheon napkins with a rose gold foil stripe pattern.</p><p>&nbsp;</p><ul>	<li>Luncheon napkin size (6.5 x 6.5 inches / 16.5 x 16.5 cm)</li>	<li>Unfolds to 13 x 13 inches (33 x 33 cm)</li>	<li>Each pack contains&nbsp;20 paper napkins</li>	<li>Designed by Paperboy</li></ul>,https://static.wixstatic.com/media/79430e_a8867b8b8c564754b62337cb53b9aa58~mv2.png,https://www.sugargirleeco.com/product-page/paper-napkins-stripes-blush-rose-gold,TNL-1324,8.5,In Stock
Bey Birth-slay Card,"<p>Blank inside. A2 size: 4.25"" x 5.5"".</p><p>Printed on matte white cardstock.</p><p>Comes with kraft envelope, cellophane sleeve.</p><p>Designed and printed in Toronto, Canada.</p><p>&nbsp;</p><p>Party Mountain Paper co.</p>",https://static.wixstatic.com/media/79430e_f3fa5bf8ff694e3aa3e60be6b982a962~mv2.png,https://www.sugargirleeco.com/product-page/bey-birth-slay-card,BD004,6,In Stock
Paper Napkins - Small - Rainbow,"<p>A set of adorable die-cut rainbow paper napkins in perfectly bright rainbow hues.</p><p>Finished with a scalloped edge. Each color is printed individually for the most vivid pop of color that you have to see to believe!</p><p>&nbsp;</p><p>Napkins are double-sided: Rainbow Shape with Stars on front, Stars only on back.</p><p>&nbsp;</p><ul>	<li>Cocktail napkin size (5 x 5 inches / 12.5 x 12.5 cm)</li>	<li>Unfolds to 10 x 10 inches (25 x 25 cm)</li>	<li>Each pack contains&nbsp;20 paper napkins</li>	<li>Designed by Paperboy</li></ul>",https://static.wixstatic.com/media/79430e_7f35e9cf66ee42908a4ed55303b500aa~mv2.png,https://www.sugargirleeco.com/product-page/paper-napkins-small-rainbow,TNS-1321,7.5,In Stock
Rihanna Wild Wild Wild Card,"<p>Blank inside.</p><p>A2 size: 4.25"" x 5.5"".</p><p>Printed on matte white cardstock.</p><p>Comes with kraft envelope, cellophane sleeve.</p><p>Designed and printed in Toronto, Canada.</p><p>&nbsp;</p><p>Party Mountain Paper co.</p>",https://static.wixstatic.com/media/79430e_f3fa5bf8ff694e3aa3e60be6b982a962~mv2.png,https://www.sugargirleeco.com/product-page/rihanna-wild-wild-wild-card,BD014,6,In Stock
Balloon Bouquet - Unicorn,<p>This bright colored balloon bundle is totally perfect for a Unicorn or Mermaid party!<br><br><strong>Bundle includes:</strong><br>3 Confetti Balloons ( 12 inch )<br>4 Solid Latex Balloons ( 11 inch )<br>2 Mylar Balloons ( 18 inch )<br><br>Balloons ship deflated. Fill with air or helium* (*required to float)</p><p>&nbsp;</p><p>&nbsp;</p><p>Paperboy</p>,https://static.wixstatic.com/media/79430e_9c2752bf4ac446e69e2aaa082ba273fc~mv2.png,https://www.sugargirleeco.com/product-page/balloon-bouquet-unicorn,BBU-1138,18,In Stock
Paper Plates - Rainbow,<p>A set of adorable die-cut rainbow paper plates in perfectly bright rainbow hues. Each color is printed individually for the most vivid pop of color that you have to see to believe!</p><p>&nbsp;</p><p>Plate Size: 10 x 7.5 x .5 inches</p><p>&nbsp;</p><ul></ul><ul>	<li>Each pack contains 8 paper plates</li>	<li>Not safe for microwave use</li>	<li>Designed by Paperboy</li></ul>,https://static.wixstatic.com/media/79430e_fc019ef12bff4ed78b8a49992a9f3f9a~mv2.png,https://www.sugargirleeco.com/product-page/paper-plates-rainbow,TPL-1321,9,In Stock
Confetti - Rainbow,"<p>A bright rainbow mix of colors makes this confetti perfect for so many occasions!</p><p>&nbsp;</p><p>Our confetti falls slowly and flutters like butterflies, giving you plenty of time to enjoy and capture in a photo.</p><p>&nbsp;</p><p>Each bag contains 1/2 oz (14g) of 1 inch diameter circle cut confetti - around 1 cup by volume, when fluffed.</p><p>&nbsp;</p><p>Handcrafted in Portland, Oregon USA</p>",https://static.wixstatic.com/media/79430e_ebc7ea9ccffe4c26ba2e82670d179140~mv2.png,https://www.sugargirleeco.com/product-page/confetti-rainbow,CHB-1003,5,In Stock
Balloon Bouquet - Tropical with Leaves,<p>This mix of balloons is&nbsp;perfect for a tropical or jungle themed party!<br><br><strong>Bundle Includes:</strong><br>3&nbsp;Printed&nbsp;Confetti Balloons ( 12 inch )<br>4 Solid Latex Balloons ( 11 inch )<br>2 Gold Mylar Balloons ( 18 inch )<br>2 Mylar&nbsp;Monstera Leaf Balloons ( 21 inch )</p><p>&nbsp;</p><p>&nbsp;</p><p><strong>Good to Know:</strong><br>The clear balloons have the confetti<strong>&nbsp;<em>printed</em>&nbsp;</strong>on the outside. <u>None of the balloons in this bouquet contain cut confetti.</u></p><p>&nbsp;</p><p><em>Balloons ship deflated. Fill with helium to float.</em></p><p>&nbsp;</p><p>Paperboy</p>,https://static.wixstatic.com/media/79430e_32f19caef9f6437cb77f5a81209e37a1~mv2.png,https://www.sugargirleeco.com/product-page/balloon-bouquet-tropical-with-leaves,BBU-3436-L1,32,Out of Stock
Confetti - Blush & Gold,"<p>Tissue paper confetti in beautiful shades of blush pink, ivory, and gold.</p><p>&nbsp;</p><p>Our confetti is made and packaged by hand in our Portland studio from the highest quality tissue paper and mylar. When thrown in the air, it flutters like snow, so it's perfect for tossing!</p><p>&nbsp;</p><p>It looks beautiful scattered across a table or any other surface for a festive touch.</p><p>&nbsp;</p><p>Each bag contains 1/2 oz (14g) of 1 inch diameter circle cut confetti - around 1 cup by volume, when fluffed.</p><p>&nbsp;</p><p>Handcrafted in Portland, Oregon USA</p>",https://static.wixstatic.com/media/79430e_ce26f5b968734445aca2d872d0fa2abf~mv2.png,https://www.sugargirleeco.com/product-page/confetti-blush-gold,CHB-1001,5,In Stock
Kanye Birthday Card,"<p>Blank inside.</p><p>A2 size: 4.25"" x 5.5"".</p><p>Printed on matte white cardstock.</p><p>Comes with kraft envelope, cellophane sleeve.</p><p>Designed and printed in Toronto, Canada.</p><p>&nbsp;</p><p>Party Mountain Paper co.</p>",https://static.wixstatic.com/media/79430e_9ddea15b17904e4bb3c484fff1c98644~mv2.png,https://www.sugargirleeco.com/product-page/kanye-birthday-card,BD009,6,InStock
Kim K Crying Pin,"<p>Soft Enamel Pin.</p><p>Metal: Zinc Alloy. Size: 35mm.</p><p>Backing: Butterfly Clutch.</p><p>&nbsp;</p><p>Shipped in a secure, bubble mailer to ensure a safe arrival.</p>",https://static.wixstatic.com/media/79430e_7c8d9f0e93bc4a62be697b736f7cf4ac~mv2.png,https://www.sugargirleeco.com/product-page/kim-k-crying-pin,PN011,12,Out of stock
Drake Birthday Girl Card,"<p>Blank inside.</p><p>A2 size: 4.25"" x 5.5"".</p><p>Printed on matte white cardstock.</p><p>Comes with kraft envelope, cellophane sleeve.</p><p>Designed and printed in Toronto, Canada.</p><p>&nbsp;</p><p>Party Mountain Paper co.</p><p>&nbsp;</p><p>Party Mountain Paper co.</p>",https://static.wixstatic.com/media/79430e_7c8d9f0e93bc4a62be697b736f7cf4ac~mv2.png,https://www.sugargirleeco.com/product-page/drake-birthday-girl-card,BD018,6,In stock
"Cher ""Turn Back Time"" Birthday Card","<p>Blank inside.</p><p>A2 size: 4.25"" x 5.5"".</p><p>Printed on matte white cardstock.</p><p>Comes with kraft envelope, cellophane sleeve.</p><p>Designed and printed in Toronto, Canada.</p><p>&nbsp;</p><p>Party Mountain Paper co.</p>",https://static.wixstatic.com/media/79430e_e4d7350635b7407db73700c9f5d5814e~mv2.png,https://www.sugargirleeco.com/product-page/cher-turn-back-time-birthday-card,BD022,6,In stock
Haute Mess Candle,"<p>The cutest damn candle. And it smells good, too. Your best friend is like: “babygirl, you an Haute Mess”.</p><p>An upward spiral of edgy chili pepper and tart citrus fruit creates this electrifying blend.</p><p>Balanced out with the earthy tones of black currant and pink raspberries.</p><p>&nbsp;</p><p>This candle is 100% soy wax, fragranced with essential oils. It’s phthalate-free.</p><p>&nbsp;</p><p>&nbsp;</p><p>Thanks, babe xoxo.</p><p>&nbsp;</p><p>Crafted by : Ryan Porter</p>",https://static.wixstatic.com/media/79430e_2884f9403c17429b861075fe69791000~mv2.png,https://www.sugargirleeco.com/product-page/haute-mess-candle,HTE-001,26,In stock 